肖,申,克,的,救,赎
霸,王,别,姬
阿,甘,正,传
这,个,杀,手,不,太,冷
美,丽,人,生
泰,坦,尼,克,号
千,与,千,寻
辛,德,勒,的,名,单
盗,梦,空,间
忠,犬,八,公,的,故,事
海,上,钢,琴,师
楚,门,的,世,界
三,傻,大,闹,宝,莱,坞
机,器,人,总,动,员
放,牛,班,的,春,天
星,际,穿,越
大,话,西,游,之,大,圣,娶,亲
熔,炉
疯,狂,动,物,城
无,间,道
龙,猫
教,父
当,幸,福,来,敲,门
怦,然,心,动
触,不,可,及
蝙,蝠,侠,：,黑,暗,骑,士
控,方,证,人
活,着
乱,世,佳,人
寻,梦,环,游,记
末,代,皇,帝
摔,跤,吧,！,爸,爸
指,环,王,3,：,王,者,无,敌
少,年,派,的,奇,幻,漂,流
何,以,为,家
飞,屋,环,游,记
十,二,怒,汉
鬼,子,来,了
天,空,之,城
大,话,西,游,之,月,光,宝,盒
哈,尔,的,移,动,城,堡
素,媛
天,堂,电,影,院
罗,马,假,日
闻,香,识,女,人
辩,护,人
搏,击,俱,乐,部
哈,利,·,波,特,与,魔,法,石
我,不,是,药,神
死,亡,诗,社
教,父,2
狮,子,王
指,环,王,2,：,双,塔,奇,兵
窃,听,风,暴
大,闹,天,宫
指,环,王,1,：,魔,戒,再,现
两,杆,大,烟,枪
美,丽,心,灵
饮,食,男,女
飞,越,疯,人,院
猫,鼠,游,戏
黑,客,帝,国
V,字,仇,杀,队
钢,琴,家
本,杰,明,·,巴,顿,奇,事
看,不,见,的,客,人
让,子,弹,飞
西,西,里,的,美,丽,传,说
海,豚,湾
小,鞋,子
拯,救,大,兵,瑞,恩
情,书
穿,条,纹,睡,衣,的,男,孩
音,乐,之,声
美,国,往,事
绿,皮,书
致,命,魔,术
海,蒂,和,爷,爷
低,俗,小,说
七,宗,罪
沉,默,的,羔,羊
蝴,蝶,效,应
春,光,乍,泄
被,嫌,弃,的,松,子,的,一,生
禁,闭,岛
心,灵,捕,手
布,达,佩,斯,大,饭,店
阿,凡,达
剪,刀,手,爱,德,华
勇,敢,的,心
摩,登,时,代
天,使,爱,美,丽
喜,剧,之,王
加,勒,比,海,盗
致,命,I,D
断,背,山
杀,人,回,忆
幽,灵,公,主
狩,猎
阳,光,灿,烂,的,日,子
请,以,你,的,名,字,呼,唤,我
入,殓,师
哈,利,·,波,特,与,死,亡,圣,器,(,下,)
重,庆,森,林
第,六,感
小,森,林, ,夏,秋,篇
7,号,房,的,礼,物
消,失,的,爱,人
红,辣,椒
爱,在,黎,明,破,晓,前
小,森,林, ,冬,春,篇
玛,丽,和,马,克,思
侧,耳,倾,听
一,一
告,白
唐,伯,虎,点,秋,香
大,鱼
蝙,蝠,侠,：,黑,暗,骑,士,崛,起
阳,光,姐,妹,淘
倩,女,幽,魂
超,脱
射,雕,英,雄,传,之,东,成,西,就
甜,蜜,蜜
驯,龙,高,手
萤,火,之,森
超,能,陆,战,队
无,人,知,晓
幸,福,终,点,站
菊,次,郎,的,夏,天
恐,怖,直,播
借,东,西,的,小,人,阿,莉,埃,蒂
爱,在,日,落,黄,昏,时
神,偷,奶,爸
完,美,的,世,界
怪,兽,电,力,公,司
玩,具,总,动,员,3
风,之,谷
血,战,钢,锯,岭
傲,慢,与,偏,见
上,帝,之,城
功,夫
时,空,恋,旅,人
教,父,3
电,锯,惊,魂
喜,宴
谍,影,重,重,3
英,雄,本,色
天,书,奇,谭
人,生,果,实
岁,月,神,偷
被,解,救,的,姜,戈
七,武,士
哪,吒,闹,海
我,是,山,姆
疯,狂,原,始,人
纵,横,四,海
三,块,广,告,牌
头,号,玩,家
心,迷,宫
萤,火,虫,之,墓
真,爱,至,上
达,拉,斯,买,家,俱,乐,部
釜,山,行
荒,蛮,故,事
东,邪,西,毒
贫,民,窟,的,百,万,富,翁
记,忆,碎,片
爆,裂,鼓,手
黑,天,鹅
你,的,名,字,。
花,样,年,华
卢,旺,达,饭,店
忠,犬,八,公,物,语
哈,利,·,波,特,与,阿,兹,卡,班,的,囚,徒
头,脑,特,工,队
黑,客,帝,国,3,：,矩,阵,革,命
模,仿,游,戏
一,个,叫,欧,维,的,男,人,决,定,去,死
雨,人
你,看,起,来,好,像,很,好,吃
无,敌,破,坏,王
未,麻,的,部,屋
恋,恋,笔,记,本
冰,川,时,代
哈,利,·,波,特,与,密,室
海,街,日,记
新,世,界
海,边,的,曼,彻,斯,特
二,十,二
虎,口,脱,险
房,间
恐,怖,游,轮
惊,魂,记
人,工,智,能
雨,中,曲
魔,女,宅,急,便
奇,迹,男,孩
疯,狂,的,石,头
罗,生,门
海,洋
爱,在,午,夜,降,临,前
终,结,者,2,：,审,判,日
燃,情,岁,月
魂,断,蓝,桥
小,偷,家,族
初,恋,这,件,小,事
穿,越,时,空,的,少,女
可,可,西,里
绿,里,奇,迹
2,0,0,1,太,空,漫,游
完,美,陌,生,人
牯,岭,街,少,年,杀,人,事,件
无,耻,混,蛋
阿,飞,正,传
城,市,之,光
新,龙,门,客,栈
源,代,码
香,水
谍,影,重,重,2
青,蛇
谍,影,重,重
地,球,上,的,星,星
战,争,之,王
猜,火,车
血,钻
色,，,戒
遗,愿,清,单
大,佛,普,拉,斯
朗,读,者
浪,潮
步,履,不,停
彗,星,来,的,那,一,夜
疯,狂,的,麦,克,斯,4,：,狂,暴,之,路
小,萝,莉,的,猴,神,大,叔
再,次,出,发,之,纽,约,遇,见,你
聚,焦
驴,得,水
东,京,物,语
追,随
一,次,别,离
我,爱,你
千,钧,一,发
黑,鹰,坠,落
九,品,芝,麻,官
四,个,春,天
发,条,橙
网,络,谜,踪
E,.,T,., ,外,星,人
哈,利,·,波,特,与,火,焰,杯
撞,车
